Date,GLD,QQQ,SPY
2020-01-02,143.9499969482422,208.31753540039062,296.88818359375
2020-01-03,145.86000061035156,206.40939331054688,294.6401062011719
2020-01-06,147.38999938964844,207.73931884765625,295.76416015625
2020-01-07,147.97000122070312,207.71038818359375,294.9324951171875
2020-01-08,146.86000061035156,209.27163696289062,296.5043029785156
2020-01-09,146.02999877929688,211.04489135742188,298.51483154296875
2020-01-10,146.91000366210938,210.50518798828125,297.65582275390625
2020-01-13,145.82000732421875,212.93377685546875,299.702880859375
2020-01-14,145.69000244140625,212.09532165527344,299.2459411621094
2020-01-15,146.5399932861328,212.18206787109375,299.9222412109375
2020-01-16,146.30999755859375,214.21548461914062,302.41705322265625
2020-01-17,146.5800018310547,215.27561950683594,303.3583679199219
2020-01-21,146.74000549316406,215.17918395996094,302.7643127441406
2020-01-22,146.7899932861328,215.7478485107422,302.8008117675781
2020-01-23,147.1199951171875,216.44174194335938,303.1482238769531
2020-01-24,147.97999572753906,214.62025451660156,300.4523010253906
2020-01-27,148.99000549316406,210.18719482421875,295.63623046875
2020-01-28,147.66000366210938,213.41558837890625,298.73419189453125
2020-01-29,148.4600067138672,213.76258850097656,298.4874572753906
2020-01-30,148.47000122070312,214.52394104003906,299.45611572265625
2020-01-31,149.3300018310547,211.12196350097656,294.0187072753906
2020-02-03,148.36000061035156,214.31190490722656,296.2027893066406
2020-02-04,146.42999267578125,219.21719360351562,300.71734619140625
2020-02-05,146.61000061035156,219.94000244140625,304.1899719238281
2020-02-06,147.39999389648438,221.8385467529297,305.21356201171875
2020-02-07,147.7899932861328,220.88446044921875,303.5868225097656
2020-02-10,148.1699981689453,223.553955078125,305.8532409667969
2020-02-11,147.66000366210938,223.59251403808594,306.38330078125
2020-02-12,147.5399932861328,225.7705078125,308.35723876953125
2020-02-13,148.3800048828125,225.48135375976562,308.0282287597656
2020-02-14,149.0,226.12709045410156,308.521728515625
2020-02-18,150.91000366210938,226.21380615234375,307.7265930175781
2020-02-19,151.7899932861328,228.38217163085938,309.197998046875
2020-02-20,152.41000366210938,226.26197814941406,307.927734375
2020-02-21,154.6999969482422,221.91563415527344,304.7565612792969
2020-02-24,156.08999633789062,213.35780334472656,294.64923095703125
2020-02-25,153.3000030517578,207.55621337890625,285.7206115722656
2020-02-26,153.97000122070312,208.62591552734375,284.6697692871094
2020-02-27,154.0,198.17921447753906,271.8847351074219
2020-02-28,148.3800048828125,198.33338928222656,270.74249267578125
2020-03-02,149.1999969482422,208.56813049316406,282.4674072265625
2020-03-03,153.88999938964844,201.87991333007812,274.3795166015625
2020-03-04,154.16000366210938,210.30282592773438,285.9126281738281
2020-03-05,157.49000549316406,203.91334533691406,276.40838623046875
2020-03-06,157.5500030517578,200.47291564941406,271.83905029296875
2020-03-09,157.80999755859375,186.547119140625,250.6099090576172
2020-03-10,154.47999572753906,196.70474243164062,263.5777282714844
2020-03-11,153.92999267578125,188.1372833251953,250.72866821289062
2020-03-12,147.7899932861328,170.88668823242188,226.73971557617188
2020-03-13,143.27999877929688,185.3617706298828,246.122802734375
2020-03-16,141.63999938964844,163.15768432617188,219.19113159179688
2020-03-17,143.55999755859375,175.53182983398438,231.02572631835938
2020-03-18,140.6999969482422,170.1927947998047,219.32823181152344
2020-03-19,138.0399932861328,171.2144012451172,219.79432678222656
2020-03-20,140.11000061035156,164.5068359375,210.3224639892578
2020-03-23,146.3000030517578,164.6256866455078,204.94485473632812
2020-03-24,153.39999389648438,177.3738250732422,223.5135955810547
2020-03-25,151.3000030517578,176.06040954589844,226.85960388183594
2020-03-26,153.24000549316406,185.3318328857422,240.10589599609375
2020-03-27,152.25,178.9577178955078,232.95419311523438
2020-03-30,152.9199981689453,185.467041015625,240.51951599121094
2020-03-31,148.0500030517578,183.88314819335938,236.93446350097656
2020-04-01,149.4499969482422,176.07003784179688,226.27127075195312
2020-04-02,151.89999389648438,179.64341735839844,231.49256896972656
2020-04-03,152.64999389648438,177.0937957763672,228.14654541015625
2020-04-06,156.8800048828125,189.7550506591797,243.4702911376953
2020-04-07,156.0399932861328,189.67779541015625,243.71849060058594
2020-04-08,154.64999389648438,193.70506286621094,251.89968872070312
2020-04-09,158.69000244140625,193.9851531982422,255.73294067382812
2020-04-13,161.41000366210938,196.0808868408203,253.3980712890625
2020-04-14,162.67999267578125,204.60867309570312,260.8716125488281
2020-04-15,161.85000610351562,202.26182556152344,255.32858276367188
2020-04-16,161.7100067138672,205.95108032226562,256.56024169921875
2020-04-17,158.57000732421875,207.9212646484375,263.4914245605469
2020-04-20,159.6999969482422,205.45855712890625,258.8491516113281
2020-04-21,158.61000061035156,197.877197265625,250.98973083496094
2020-04-22,161.72999572753906,203.74911499023438,256.56024169921875
2020-04-23,163.33999633789062,203.31451416015625,256.54193115234375
2020-04-24,162.63999938964844,206.52088928222656,260.1177978515625
2020-04-27,161.55999755859375,208.18203735351562,263.8683166503906
2020-04-28,160.83999633789062,204.260986328125,262.6548767089844
2020-04-29,161.72999572753906,211.50428771972656,269.5307922363281
2020-04-30,158.8000030517578,211.41734313964844,267.02130126953125
2020-05-01,159.77999877929688,205.45855712890625,259.9522399902344
2020-05-04,160.33999633789062,207.85366821289062,260.6693115234375
2020-05-05,161.02000427246094,210.21011352539062,263.0777282714844
2020-05-06,158.9499969482422,211.50428771972656,261.2944030761719
2020-05-07,161.38999938964844,214.22775268554688,264.4473876953125
2020-05-08,160.4199981689453,217.16368103027344,268.8229675292969
2020-05-11,159.4199981689453,219.10488891601562,268.8780822753906
2020-05-12,160.0399932861328,214.51751708984375,263.51898193359375
2020-05-13,161.5800018310547,211.83267211914062,258.8583679199219
2020-05-14,163.00999450683594,214.2374267578125,261.95623779296875
2020-05-15,163.92999267578125,215.62814331054688,263.160400390625
2020-05-18,162.69000244140625,219.6457061767578,271.1761779785156
2020-05-19,164.25999450683594,219.09524536132812,268.39093017578125
2020-05-20,164.64999389648438,223.47015380859375,272.9503173828125
2020-05-21,162.25,221.0364532470703,271.0658874511719
2020-05-22,163.2100067138672,221.7994384765625,271.5807189941406
2020-05-26,160.88999938964844,221.2006072998047,274.9266357421875
2020-05-27,161.17999267578125,222.40786743164062,279.0173034667969
2020-05-28,161.72000122070312,222.1181182861328,278.5025939941406
2020-05-29,162.91000366210938,225.37277221679688,279.74359130859375
2020-06-01,163.66000366210938,226.04884338378906,280.87420654296875
2020-06-02,162.60000610351562,227.5650634765625,283.19989013671875
2020-06-03,159.60000610351562,228.58880615234375,286.9687805175781
2020-06-04,161.27999877929688,226.98561096191406,286.2150573730469
2020-06-05,158.00999450683594,231.48611450195312,293.550537109375
2020-06-08,159.72000122070312,233.28245544433594,297.0989074707031
2020-06-09,161.25999450683594,234.9725799560547,294.88348388671875
2020-06-10,163.57000732421875,237.79261779785156,293.2380065917969
2020-06-11,162.38999938964844,226.01019287109375,276.3331604003906
2020-06-12,162.6199951171875,227.8065185546875,279.64239501953125
2020-06-15,162.3300018310547,230.5782928466797,282.2530517578125
2020-06-16,162.25,234.53797912597656,287.685791015625
2020-06-17,162.55999755859375,235.2816162109375,286.4908447265625
2020-06-18,162.24000549316406,235.91900634765625,286.60113525390625
2020-06-19,164.02999877929688,235.88037109375,284.9632263183594
2020-06-22,165.08999633789062,238.70919799804688,286.791259765625
2020-06-23,166.47999572753906,240.74087524414062,288.11163330078125
2020-06-24,165.89999389648438,235.77784729003906,280.7622375488281
2020-06-25,165.8000030517578,238.02230834960938,283.77215576171875
2020-06-26,166.5399932861328,232.40139770507812,277.0321960449219
2020-06-29,166.6300048828125,234.93614196777344,281.10382080078125
2020-06-30,167.3699951171875,239.54122924804688,284.7046813964844
2020-07-01,166.6199951171875,242.33714294433594,286.698974609375
2020-07-02,166.97999572753906,243.98182678222656,288.27783203125
2020-07-06,167.97999572753906,249.9800567626953,292.7279968261719
2020-07-07,169.0399932861328,248.25796508789062,289.7088317871094
2020-07-08,170.08999633789062,251.52796936035156,291.9247131347656
2020-07-09,169.6300048828125,253.64671325683594,290.2628479003906
2020-07-10,169.19000244140625,255.37840270996094,293.2266540527344
2020-07-13,169.39999389648438,250.1251678466797,290.68756103515625
2020-07-14,170.19000244140625,251.89556884765625,294.45452880859375
2020-07-15,170.33999633789062,252.40830993652344,297.1597900390625
2020-07-16,168.72999572753906,250.68629455566406,296.18109130859375
2020-07-17,170.1199951171875,250.97654724121094,297.039794921875
2020-07-20,170.94000244140625,258.0968933105469,299.44036865234375
2020-07-21,173.0,255.40744018554688,300.077392578125
2020-07-22,175.6300048828125,256.3070983886719,301.7854919433594
2020-07-23,177.17999267578125,249.61244201660156,298.1846008300781
2020-07-24,178.6999969482422,247.24215698242188,296.2641906738281
2020-07-27,182.22999572753906,251.6536865234375,298.4247131347656
2020-07-28,183.75,248.45144653320312,296.53204345703125
2020-07-29,185.1300048828125,251.31512451171875,300.1789245605469
2020-07-30,183.75999450683594,252.63088989257812,299.10797119140625
2020-07-31,185.42999267578125,257.13916015625,301.4715576171875
2020-08-03,185.63999938964844,260.61236572265625,303.56744384765625
2020-08-04,189.58999633789062,261.5798034667969,304.7399597167969
2020-08-05,191.35000610351562,262.2279357910156,306.6325988769531
2020-08-06,193.88999938964844,265.70111083984375,308.6823425292969
2020-08-07,190.80999755859375,262.6343688964844,308.904052734375
2020-08-10,190.14999389648438,261.5121154785156,309.8273010253906
2020-08-11,179.94000244140625,256.55877685546875,307.2698059082031
2020-08-12,179.10000610351562,263.01165771484375,311.5538330078125
2020-08-13,183.3300018310547,263.61138916015625,310.99066162109375
2020-08-14,182.5399932861328,263.30181884765625,310.9999084472656
2020-08-17,186.5,266.35906982421875,311.9877624511719
2020-08-18,188.17999267578125,268.9226989746094,312.66180419921875
2020-08-19,182.24000549316406,267.1136474609375,311.35992431640625
2020-08-20,183.5,270.8189697265625,312.3293151855469
2020-08-21,182.02999877929688,272.69573974609375,313.4373474121094
2020-08-24,181.0,274.3985595703125,316.61346435546875
2020-08-25,181.22000122070312,276.5559387207031,317.721435546875
2020-08-26,183.36000061035156,282.4574890136719,320.90667724609375
2020-08-27,181.24000549316406,281.5769958496094,321.6084899902344
2020-08-28,184.38999938964844,283.0087890625,323.685791015625
2020-08-31,184.8300018310547,285.2824401855469,322.5133056640625
2020-09-01,185.0500030517578,290.1583557128906,325.55084228515625
2020-09-02,182.6199951171875,292.9059143066406,330.2596435546875
2020-09-03,181.13999938964844,278.0555725097656,318.8939208984375
2020-09-04,181.63999938964844,274.35015869140625,316.29022216796875
2020-09-08,181.2899932861328,261.163818359375,307.6483459472656
2020-09-09,183.0500030517578,268.83575439453125,313.7236328125
2020-09-10,182.4600067138672,263.47601318359375,308.2762145996094
2020-09-11,182.4499969482422,261.64752197265625,308.43310546875
2020-09-14,183.88999938964844,266.2041931152344,312.49560546875
2020-09-15,183.4499969482422,269.9773254394531,314.0744323730469
2020-09-16,183.97000122070312,265.6720275878906,312.82806396484375
2020-09-17,182.9600067138672,261.521728515625,310.07647705078125
2020-09-18,183.1999969482422,258.1840515136719,306.5066833496094
2020-09-21,179.52000427246094,258.8031921386719,303.0954284667969
2020-09-22,178.64999389648438,263.61138916015625,306.18231201171875
2020-09-23,174.7899932861328,255.56224060058594,299.0816345214844
2020-09-24,175.44000244140625,256.75225830078125,299.8788146972656
2020-09-25,174.94000244140625,262.72137451171875,304.7269592285156
2020-09-28,176.6999969482422,268.17779541015625,309.788330078125
2020-09-29,178.19000244140625,266.96856689453125,308.1011657714844
2020-09-30,177.1199951171875,268.7969970703125,310.4371032714844
2020-10-01,178.6999969482422,273.0634765625,312.4302062988281
2020-10-02,178.5399932861328,265.3818664550781,309.46380615234375
2020-10-05,179.41000366210938,271.0414733886719,314.95159912109375
2020-10-06,177.3000030517578,266.2041931152344,310.47430419921875
2020-10-07,177.22000122070312,270.80926513671875,315.8785400390625
2020-10-08,177.85000610351562,272.25079345703125,318.6780090332031
2020-10-09,181.0800018310547,276.4107666015625,321.5238952636719
2020-10-12,180.55999755859375,284.94384765625,326.6964416503906
2020-10-13,177.72000122070312,284.9339904785156,324.56439208984375
2020-10-14,178.27000427246094,282.55413818359375,322.5250244140625
2020-10-15,178.9199981689453,280.6579284667969,322.1264343261719
2020-10-16,178.3000030517578,279.1197509765625,321.9317626953125
2020-10-19,178.38999938964844,274.5629577636719,317.03729248046875
2020-10-20,179.25,275.1531066894531,318.3072204589844
2020-10-21,180.60000610351562,274.9403076171875,317.7047424316406
2020-10-22,178.8300018310547,274.9306335449219,319.44744873046875
2020-10-23,178.63999938964844,275.472412109375,320.5320129394531
2020-10-26,178.5500030517578,271.34136962890625,314.608642578125
2020-10-27,179.02000427246094,273.4601135253906,313.5240173339844
2020-10-28,176.1300048828125,262.798828125,302.80810546875
2020-10-29,175.39999389648438,267.39422607421875,305.8857116699219
2020-10-30,176.1999969482422,260.61236572265625,302.6968688964844
2020-11-02,177.91000366210938,261.19287109375,306.0896301269531
2020-11-03,178.9199981689453,265.7107849121094,311.4939270019531
2020-11-04,178.82000732421875,277.5717468261719,318.4555969238281
2020-11-05,182.92999267578125,284.8083801269531,324.6664123535156
2020-11-06,183.19000244140625,285.0211486816406,324.5922546386719
2020-11-09,175.0800018310547,279.1971130371094,328.67095947265625
2020-11-10,175.66000366210938,274.1952819824219,328.18890380859375
2020-11-11,174.89999389648438,280.3291015625,330.6269226074219
2020-11-12,175.9600067138672,279.01324462890625,327.41943359375
2020-11-13,177.16000366210938,281.4609069824219,331.952392578125
2020-11-16,177.14999389648438,283.6570739746094,336.0960693359375
2020-11-17,176.5,282.7572937011719,334.28851318359375
2020-11-18,175.49000549316406,280.6676025390625,330.26531982421875
2020-11-19,175.16000366210938,282.8637390136719,331.65576171875
2020-11-20,175.69000244140625,280.9288024902344,329.3846435546875
2020-11-23,172.22999572753906,280.93853759765625,331.35919189453125
2020-11-24,169.58999633789062,284.88568115234375,336.6985778808594
2020-11-25,169.50999450683594,286.6368103027344,336.1795654296875
2020-11-27,167.7899932861328,289.2779541015625,337.1158142089844
2020-11-30,166.6699981689453,289.8681335449219,335.623291015625
2020-12-01,170.17999267578125,293.5830993652344,339.294189453125
2020-12-02,171.4600067138672,293.96044921875,340.0079040527344
2020-12-03,172.80999755859375,294.3763732910156,339.9152526855469
2020-12-04,172.32000732421875,295.5760192871094,342.8445129394531
2020-12-07,174.88999938964844,297.249755859375,342.1400146484375
2020-12-08,175.5,298.25592041015625,343.1411437988281
2020-12-09,172.5,291.50299072265625,340.06353759765625
2020-12-10,172.1699981689453,292.6737060546875,339.9522399902344
2020-12-11,172.49000549316406,292.02557373046875,339.5536804199219
2020-12-14,171.5399932861328,294.1443176269531,338.03350830078125
2020-12-15,173.94000244140625,297.2884826660156,342.60345458984375
2020-12-16,174.89999389648438,298.9234619140625,343.1411437988281
2020-12-17,176.74000549316406,300.87774658203125,345.0599365234375
2020-12-18,176.44000244140625,299.9682922363281,343.68212890625
2020-12-21,175.8800048828125,299.4071044921875,342.45330810546875
2020-12-22,174.49000549316406,300.22137451171875,341.8761291503906
2020-12-23,175.64999389648438,298.70928955078125,342.1833190917969
2020-12-24,176.35000610351562,300.0274658203125,343.5146179199219
2020-12-28,175.7100067138672,303.0513000488281,346.4656982421875
2020-12-29,176.35000610351562,303.3227233886719,345.8046875
2020-12-30,177.6999969482422,303.3324279785156,346.298095703125
2020-12-31,178.36000061035156,304.0787048339844,348.0576171875
2021-01-04,182.3300018310547,299.78515625,343.319091796875
2021-01-05,182.8699951171875,302.25665283203125,345.6836242675781
2021-01-06,179.89999389648438,298.0696105957031,347.7503967285156
2021-01-07,179.47999572753906,305.280517578125,352.91705322265625
2021-01-08,173.33999633789062,309.2058410644531,354.9278564453125
2021-01-11,173.0,304.73779296875,352.5353698730469
2021-01-12,174.1199951171875,304.253173828125,352.6098327636719
2021-01-13,173.3699951171875,306.3078308105469,353.559326171875
2021-01-14,173.27999877929688,304.669921875,352.32122802734375
2021-01-15,171.1300048828125,302.25665283203125,349.7519836425781
2021-01-19,172.5800018310547,306.66644287109375,352.49810791015625
2021-01-20,175.38999938964844,313.7997741699219,357.3761901855469
2021-01-21,175.27999877929688,316.3100891113281,357.70208740234375
2021-01-22,173.89999389648438,315.3990783691406,356.43603515625
2021-01-25,174.0500030517578,318.00616455078125,357.8417053222656
2021-01-26,173.6199951171875,318.4713134765625,357.28314208984375
2021-01-27,172.52000427246094,309.5934753417969,348.55096435546875
2021-01-28,172.67999267578125,311.42529296875,351.548583984375
2021-01-29,172.61000061035156,304.87347412109375,344.5107421875
2021-02-01,174.22999572753906,312.4914245605469,350.24530029296875
2021-02-02,172.11000061035156,317.58953857421875,355.19781494140625
2021-02-03,171.85000610351562,316.3294982910156,355.4771728515625
2021-02-04,168.14999389648438,320.0706787109375,359.5174560546875
2021-02-05,169.80999755859375,321.1560974121094,360.9324035644531
2021-02-08,171.52000427246094,323.3077392578125,363.53900146484375
2021-02-09,172.0800018310547,323.2398986816406,363.2969665527344
2021-02-10,172.7100067138672,322.50323486328125,363.138671875
2021-02-11,171.2100067138672,324.2769775390625,363.72515869140625
2021-02-12,170.69000244140625,326.08941650390625,365.5218811035156
2021-02-16,168.24000549316406,325.2073974609375,365.205322265625
2021-02-17,166.3300018310547,323.64697265625,365.2891845703125
2021-02-18,166.32000732421875,322.2319030761719,363.7345275878906
2021-02-19,167.00999450683594,320.8265380859375,363.0921325683594
2021-02-22,169.50999450683594,312.5107727050781,360.29937744140625
2021-02-23,169.1199951171875,311.58038330078125,360.7369384765625
2021-02-24,169.0,314.14874267578125,364.71197509765625
2021-02-25,165.82000732421875,303.1966552734375,355.924072265625
2021-02-26,161.80999755859375,304.46636962890625,354.0899963378906
2021-03-01,161.52999877929688,313.6253356933594,362.6731872558594
2021-03-02,162.41000366210938,308.59521484375,359.8432312011719
2021-03-03,160.6199951171875,299.63970947265625,355.07684326171875
2021-03-04,159.0399932861328,294.7355041503906,350.6828918457031
2021-03-05,159.13999938964844,299.1744689941406,357.1341857910156
2021-03-08,157.49000549316406,290.70367431640625,355.3560791015625
2021-03-09,160.83999633789062,302.1694030761719,360.4297180175781
2021-03-10,161.66000366210938,301.3067626953125,362.6731872558594
2021-03-11,161.52000427246094,308.2463073730469,366.3504333496094
2021-03-12,161.49000549316406,305.74566650390625,366.8437805175781
2021-03-15,162.1999969482422,309.011962890625,369.0315246582031
2021-03-16,162.35000610351562,310.7080078125,368.5660095214844
2021-03-17,163.50999450683594,311.98736572265625,369.8228454589844
2021-03-18,162.55999755859375,302.43109130859375,364.4419860839844
2021-03-19,163.24000549316406,303.4972229003906,363.7676696777344
2021-03-22,163.0,309.188720703125,366.6723327636719
2021-03-23,161.80999755859375,307.83984375,363.7863464355469
2021-03-24,162.3699951171875,302.64794921875,361.93707275390625
2021-03-25,161.77999877929688,302.1240234375,363.97314453125
2021-03-26,162.24000549316406,306.6559753417969,369.8385314941406
2021-03-29,160.30999755859375,306.5685729980469,369.65179443359375
2021-03-30,157.57000732421875,305.0256652832031,368.6711120605469
2021-03-31,159.9600067138672,309.69342041015625,370.1654357910156
2021-04-01,161.97999572753906,314.9725036621094,374.1629333496094
2021-04-05,161.9199981689453,321.2608337402344,379.5333251953125
2021-04-06,163.22000122070312,321.0377197265625,379.30914306640625
2021-04-07,162.75999450683594,321.8140563964844,379.74810791015625
2021-04-08,164.50999450683594,325.1717834472656,381.5506896972656
2021-04-09,163.27000427246094,327.1416320800781,384.3246154785156
2021-04-12,162.27999877929688,326.7147216796875,384.4646911621094
2021-04-13,163.42999267578125,330.5285339355469,385.6042785644531
2021-04-14,162.72000122070312,326.55950927734375,384.2873229980469
2021-04-15,165.35000610351562,331.50848388671875,388.41546630859375
2021-04-16,166.35000610351562,331.8968200683594,389.7137756347656
2021-04-19,165.88999938964844,328.8593444824219,387.7991027832031
2021-04-20,166.47999572753906,326.4623718261719,384.9598083496094
2021-04-21,168.1300048828125,329.2571716308594,388.6023254394531
2021-04-22,167.0399932861328,325.2881774902344,385.0531311035156
2021-04-23,166.39999389648438,329.3835144042969,389.2281188964844
2021-04-26,166.83999633789062,331.5280456542969,390.0406799316406
2021-04-27,166.4199981689453,330.0917663574219,389.9565124511719
2021-04-28,166.91000366210938,328.9758605957031,389.8444519042969
2021-04-29,166.22000122070312,330.1597595214844,392.32891845703125
2021-04-30,165.66000366210938,327.9956970214844,389.7510681152344
2021-05-03,167.80999755859375,326.2489013671875,390.5916748046875
2021-05-04,166.5800018310547,320.3778076171875,388.1819763183594
2021-05-05,167.27000427246094,319.30059814453125,388.303466796875
2021-05-06,170.05999755859375,321.70733642578125,391.4042053222656
2021-05-07,171.58999633789062,324.3177795410156,394.2528381347656
2021-05-10,172.11000061035156,316.1272888183594,390.3488464355469
2021-05-11,172.13999938964844,315.69061279296875,386.86505126953125
2021-05-12,170.42999267578125,307.5196838378906,378.6460266113281
2021-05-13,171.1300048828125,309.8971862792969,383.19451904296875
2021-05-14,172.69000244140625,316.73870849609375,389.07861328125
2021-05-17,174.6999969482422,314.8172302246094,388.0885314941406
2021-05-18,175.0399932861328,312.6920166015625,384.744873046875
2021-05-19,175.16000366210938,313.05108642578125,383.73626708984375
2021-05-20,175.9600067138672,319.1065368652344,387.86444091796875
2021-05-21,176.0399932861328,317.3404235839844,387.5469055175781
2021-05-24,176.35000610351562,322.677734375,391.4976806640625
2021-05-25,177.9499969482422,323.1241149902344,390.6290588378906
2021-05-26,177.63999938964844,324.249755859375,391.4042053222656
2021-05-27,177.7100067138672,323.0367431640625,391.6096496582031
2021-05-28,178.3800048828125,324.05572509765625,392.31024169921875
2021-06-01,177.89999389648438,322.978515625,391.96466064453125
2021-06-02,178.77000427246094,323.6093444824219,392.5810241699219
2021-06-03,175.27000427246094,320.241943359375,391.1240234375
2021-06-04,177.16000366210938,325.6763000488281,394.70123291015625
2021-06-07,177.8699951171875,326.6467590332031,394.3182678222656
2021-06-08,177.32000732421875,326.80206298828125,394.4023742675781
2021-06-09,176.97999572753906,326.879638671875,393.8139343261719
2021-06-10,177.74000549316406,330.28594970703125,395.6445007324219
2021-06-11,175.74000549316406,331.1495666503906,396.2983093261719
2021-06-14,174.7100067138672,334.3228454589844,397.18560791015625
2021-06-15,174.0500030517578,332.139404296875,396.4571228027344
2021-06-16,171.11000061035156,330.92633056640625,394.2435302734375
2021-06-17,165.85000610351562,335.1282958984375,394.1128234863281
2021-06-18,164.92999267578125,332.4984436035156,388.7961120605469
2021-06-21,166.9499969482422,334.56494140625,394.36199951171875
2021-06-22,166.25,337.68365478515625,396.47027587890625
2021-06-23,166.13999938964844,337.8487854003906,395.9924621582031
2021-06-24,166.0399932861328,339.9376525878906,398.3351745605469
2021-06-25,166.58999633789062,339.5198669433594,399.7500305175781
2021-06-28,166.5800018310547,343.6490478515625,400.5558776855469
2021-06-29,164.8300018310547,344.892578125,400.771484375
2021-06-30,165.6300048828125,344.34857177734375,401.10870361328125
2021-07-01,166.1999969482422,344.48455810546875,403.3295593261719
2021-07-02,167.2899932861328,348.4387512207031,406.4123229980469
2021-07-06,168.1199951171875,349.9447021484375,405.6721496582031
2021-07-07,168.75999450683594,350.68304443359375,407.1058044433594
2021-07-08,168.64999389648438,348.5650939941406,403.7886657714844
2021-07-09,169.2100067138672,350.7413635253906,408.0990295410156
2021-07-12,169.0,352.1112976074219,409.560791015625
2021-07-13,169.22000122070312,352.1112976074219,408.16461181640625
2021-07-14,171.0399932861328,352.7427978515625,408.7736511230469
2021-07-15,171.07000732421875,350.2652587890625,407.37750244140625
2021-07-16,169.41000366210938,347.4283447265625,404.1822509765625
2021-07-19,169.61000061035156,344.5817565917969,398.2132568359375
2021-07-20,169.38999938964844,348.5845031738281,403.9198913574219
2021-07-21,168.75999450683594,351.2757873535156,407.19012451171875
2021-07-22,169.08999633789062,353.5976867675781,408.0428161621094
2021-07-23,168.55999755859375,357.7268981933594,412.24078369140625
2021-07-26,168.16000366210938,358.0085754394531,413.2528076171875
2021-07-27,168.44000244140625,354.0640869140625,411.3692932128906
2021-07-28,169.2899932861328,355.4242858886719,411.2006530761719
2021-07-29,171.1699981689453,356.0558166503906,412.9060363769531
2021-07-30,169.82000732421875,354.2001037597656,410.9007873535156
2021-08-02,169.61000061035156,354.229248046875,410.0386657714844
2021-08-03,169.49000549316406,356.37640380859375,413.37457275390625
2021-08-04,169.52999877929688,356.891357421875,411.34124755859375
2021-08-05,168.86000061035156,359.155029296875,413.946044921875
2021-08-06,164.63999938964844,357.5810241699219,414.63018798828125
2021-08-09,161.72000122070312,358.2417907714844,414.2928466796875
2021-08-10,161.77000427246094,356.4054870605469,414.80816650390625
2021-08-11,164.0,355.79345703125,415.8389892578125
2021-08-12,164.0399932861328,357.0759582519531,417.08514404296875
2021-08-13,166.38999938964844,358.3291931152344,417.8442077636719
2021-08-16,167.22000122070312,358.48468017578125,418.828125
2021-08-17,166.97000122070312,355.32708740234375,416.0825500488281
2021-08-18,167.10000610351562,351.90728759765625,411.52862548828125
2021-08-19,166.61000061035156,353.6074523925781,412.165771484375
2021-08-20,166.6999969482422,357.2702331542969,415.4454345703125
2021-08-23,168.72999572753906,362.61383056640625,419.0998840332031
2021-08-24,168.64999389648438,363.7213439941406,419.7652282714844
2021-08-25,167.47999572753906,364.13909912109375,420.64599609375
2021-08-26,167.6699981689453,361.8268127441406,418.1628723144531
2021-08-27,170.19000244140625,365.3438720703125,421.9016418457031
2021-08-30,169.35000610351562,369.44378662109375,423.7569885253906
2021-08-31,169.69000244140625,369.1426086425781,423.1291809082031
2021-09-01,169.6999969482422,369.7547607421875,423.35394287109375
2021-09-02,169.25,369.5798645019531,424.656494140625
2021-09-03,171.05999755859375,370.71661376953125,424.5534362792969
2021-09-07,167.7100067138672,371.2411804199219,423.035400390625
2021-09-08,167.2899932861328,369.9490051269531,422.5200500488281
2021-09-09,168.02999877929688,368.6763610839844,420.7115478515625
2021-09-10,167.17999267578125,365.87823486328125,417.3944396972656
2021-09-13,167.74000549316406,365.6256408691406,418.4627380371094
2021-09-14,168.82000732421875,364.58599853515625,416.20452880859375
2021-09-15,167.8300018310547,367.2966613769531,419.6808166503906
2021-09-16,164.02999877929688,367.54931640625,419.01556396484375
2021-09-17,163.77000427246094,363.1966857910156,414.933837890625
2021-09-20,164.94000244140625,355.69195556640625,408.01519775390625
2021-09-21,166.0399932861328,356.12957763671875,407.6297912597656
2021-09-22,165.4199981689453,359.4560241699219,411.6061706542969
2021-09-23,163.50999450683594,362.77264404296875,416.607177734375
2021-09-24,163.3000030517578,363.113037109375,417.2933349609375
2021-09-27,163.63999938964844,360.21466064453125,416.09954833984375
2021-09-28,162.0500030517578,350.02142333984375,407.7143249511719
2021-09-29,161.32000732421875,349.4476013183594,408.400634765625
2021-09-30,164.22000122070312,348.1636962890625,403.4089660644531
2021-10-01,164.58999633789062,350.3228454589844,408.20318603515625
2021-10-04,165.36000061035156,342.9698486328125,402.9389953613281
2021-10-05,164.58999633789062,347.599609375,407.131591796875
2021-10-06,165.02999877929688,349.82696533203125,408.82366943359375
2021-10-07,164.16000366210938,353.03662109375,412.3581848144531
2021-10-08,164.22999572753906,351.27618408203125,411.6061706542969
2021-10-11,163.9199981689453,348.5819091796875,408.62628173828125
2021-10-12,164.66000366210938,347.36614990234375,407.620361328125
2021-10-13,167.58999633789062,350.1479187011719,409.0867919921875
2021-10-14,168.0,356.5964660644531,415.9678955078125
2021-10-15,165.3300018310547,358.8431701660156,419.1358642578125
2021-10-18,164.9199981689453,362.4516906738281,420.376708984375
2021-10-19,165.4499969482422,365.194580078125,423.6198425292969
2021-10-20,166.89999389648438,364.71795654296875,425.28375244140625
2021-10-21,166.75,366.9453125,426.3929443359375
2021-10-22,167.77000427246094,363.8620300292969,425.95123291015625
2021-10-25,168.92999267578125,367.587158203125,428.2354736328125
2021-10-26,167.67999267578125,368.74462890625,428.6208801269531
2021-10-27,168.1199951171875,369.6005859375,426.7219543457031
2021-10-28,168.0800018310547,373.705078125,430.8393859863281
2021-10-29,166.64999389648438,375.5433044433594,431.713623046875
2021-11-01,167.52000427246094,376.82720947265625,432.45623779296875
2021-11-02,167.16000366210938,378.40283203125,434.2047119140625
2021-11-03,165.77000427246094,382.4197692871094,436.8556823730469
2021-11-04,167.64999389648438,387.3218994140625,438.9143371582031
2021-11-05,169.83999633789062,387.6916198730469,440.43719482421875
2021-11-08,170.4499969482422,387.1662902832031,440.813232421875
2021-11-09,171.2899932861328,384.50115966796875,439.3561706542969
2021-11-10,173.14999389648438,378.8502197265625,435.8216247558594
2021-11-11,174.1199951171875,379.9007568359375,435.9625549316406
2021-11-12,174.4499969482422,383.89825439453125,439.2527160644531
2021-11-15,174.17999267578125,383.8106384277344,439.4031677246094
2021-11-16,172.9199981689453,386.5437927246094,441.1422119140625
2021-11-17,174.5,386.748046875,440.0706481933594
2021-11-18,173.94000244140625,390.75537109375,441.565185546875
2021-11-19,172.61000061035156,392.9339904785156,440.7756042480469
2021-11-22,168.74000549316406,388.372314453125,439.5347900390625
2021-11-23,167.27999877929688,386.6021728515625,440.1175537109375
2021-11-24,167.1199951171875,387.8471374511719,441.2926330566406
2021-11-26,166.85000610351562,380.4939880371094,431.4503479003906
2021-11-29,166.6199951171875,388.7516174316406,436.7427673339844
2021-11-30,165.5,383.04229736328125,428.24481201171875
2021-12-01,166.16000366210938,376.5257263183594,423.4883117675781
2021-12-02,165.24000549316406,379.2392272949219,429.9744873046875
2021-12-03,166.6300048828125,372.6448669433594,426.233154296875
2021-12-06,166.22000122070312,375.6308898925781,431.2811584472656
2021-12-07,166.80999755859375,386.9424743652344,440.2021789550781
2021-12-08,166.89999389648438,388.67388916015625,441.3678283691406
2021-12-09,165.8800048828125,382.9548034667969,438.387939453125
2021-12-10,166.5800018310547,387.1177062988281,442.5146484375
2021-12-13,167.0,381.5250244140625,438.5947265625
2021-12-14,165.44000244140625,377.57611083984375,435.5771789550781
2021-12-15,166.14999389648438,386.1839599609375,442.383056640625
2021-12-16,168.16000366210938,376.2533264160156,438.4819641113281
2021-12-17,167.8000030517578,374.3761291503906,433.81524658203125
2021-12-20,167.08999633789062,370.74456787109375,429.2022705078125
2021-12-21,167.02000427246094,379.04193115234375,436.8244934082031
2021-12-22,168.58999633789062,383.6581115722656,441.1921081542969
2021-12-23,168.97000122070312,386.5506286621094,443.9372863769531
2021-12-27,169.3699951171875,392.9392395019531,450.2199401855469
2021-12-28,168.63999938964844,391.1180725097656,449.8519592285156
2021-12-29,168.58999633789062,391.05963134765625,450.4273986816406
2021-12-30,169.8000030517578,389.8909606933594,449.1822509765625
2021-12-31,170.9600067138672,387.45623779296875,448.0501708984375
2022-01-03,168.3300018310547,391.18621826171875,450.6444396972656
2022-01-04,169.57000732421875,386.1123046875,450.4934997558594
2022-01-05,169.05999755859375,374.25048828125,441.84307861328125
2022-01-06,166.99000549316406,373.9875793457031,441.4279479980469
2022-01-07,167.75,369.936279296875,439.6827697753906
2022-01-10,168.25999450683594,370.1797180175781,439.1356506347656
2022-01-11,170.2899932861328,375.74053955078125,443.1354675292969
2022-01-12,170.74000549316406,377.2305603027344,444.3334655761719
2022-01-13,170.16000366210938,367.79376220703125,438.211181640625
2022-01-14,169.6699981689453,370.0823059082031,438.390380859375
2022-01-18,169.38999938964844,360.8694152832031,430.6266784667969
2022-01-19,172.0800018310547,356.9057922363281,426.1552429199219
2022-01-20,171.64999389648438,352.2701110839844,421.4385681152344
2022-01-21,171.08999633789062,342.5022277832031,413.16546630859375
2022-01-24,172.02999877929688,344.070068359375,414.9200439453125
2022-01-25,172.5800018310547,336.09405517578125,409.8542785644531
2022-01-26,169.7899932861328,335.56817626953125,408.8260498046875
2022-01-27,167.60000610351562,332.1888122558594,406.8072204589844
2022-01-28,167.10000610351562,342.6093444824219,416.9105529785156
2022-01-31,168.08999633789062,353.5653991699219,424.4195251464844
2022-02-01,168.22999572753906,355.97088623046875,427.2872314453125
2022-02-02,168.83999633789062,358.8632507324219,431.43804931640625
2022-02-03,168.60000610351562,344.3135681152344,421.2970275878906
2022-02-04,168.86000061035156,348.6571044921875,423.278076171875
2022-02-07,170.11000061035156,345.8523864746094,421.9196472167969
2022-02-08,170.6300048828125,349.738037109375,425.39117431640625
2022-02-09,171.2100067138672,357.14935302734375,431.6172180175781
2022-02-10,170.55999755859375,349.0660705566406,423.86297607421875
2022-02-11,173.80999755859375,337.9931335449219,415.50494384765625
2022-02-14,174.74000549316406,338.411865234375,414.1465148925781
2022-02-15,173.0800018310547,346.826171875,420.82537841796875
2022-02-16,174.86000061035156,346.73858642578125,421.2970275878906
2022-02-17,177.25,336.4251403808594,412.2975769042969
2022-02-18,177.1199951171875,332.588134765625,409.62786865234375
2022-02-22,177.49000549316406,329.2476806640625,405.2319641113281
2022-02-23,178.2899932861328,320.8139953613281,398.043701171875
2022-02-24,177.13999938964844,331.5947570800781,404.033935546875
2022-02-25,176.5500030517578,336.7369079589844,412.9483947753906
2022-02-28,178.3800048828125,337.7399597167969,411.8918762207031
2022-03-01,181.6199951171875,332.5685729980469,405.6186828613281
2022-03-02,179.72999572753906,338.1490173339844,413.08050537109375
2022-03-03,180.8000030517578,333.3184814453125,411.02398681640625
2022-03-04,183.67999267578125,328.4881591796875,407.6846008300781
2022-03-07,186.41000366210938,316.37298583984375,395.6663818359375
2022-03-08,191.50999450683594,314.902587890625,392.6665344238281
2022-03-09,185.82000732421875,326.2384948730469,403.1943054199219
2022-03-10,186.39999389648438,322.6156005859375,401.3736267089844
2022-03-11,185.08999633789062,315.9251403808594,396.2702331542969
2022-03-14,182.3000030517578,309.8578796386719,393.37408447265625
2022-03-15,178.88999938964844,319.57708740234375,402.0245666503906
2022-03-16,180.00999450683594,331.4292297363281,410.9390869140625
2022-03-17,180.88999938964844,335.4415588378906,416.080322265625
2022-03-18,179.3000030517578,342.3073425292969,420.6375427246094
2022-03-21,180.6699981689453,341.3557434082031,420.5146179199219
2022-03-22,179.36000061035156,348.0642395019531,425.43511962890625
2022-03-23,181.80999755859375,343.0621337890625,419.956298828125
2022-03-24,183.1300048828125,350.6872253417969,426.286865234375
2022-03-25,182.3800048828125,350.39471435546875,428.3686218261719
2022-03-28,179.05999755859375,355.816162109375,431.4156188964844
2022-03-29,179.13999938964844,361.93963623046875,436.7525939941406
2022-03-30,180.5800018310547,357.94183349609375,434.0557861328125
2022-03-31,180.64999389648438,353.50531005859375,427.3750915527344
2022-04-01,179.5,352.83245849609375,428.5862731933594
2022-04-04,180.3699951171875,360.0967102050781,432.2578430175781
2022-04-05,179.24000549316406,352.1011047363281,426.7978210449219
2022-04-06,179.66000366210938,344.4564514160156,422.5301513671875
2022-04-07,180.33999633789062,345.2755432128906,424.6592712402344
2022-04-08,181.47000122070312,340.44903564453125,423.523681640625
2022-04-11,182.3699951171875,332.3948059082031,416.2847595214844
2022-04-12,183.77000427246094,330.99066162109375,414.7423095703125
2022-04-13,184.64999389648438,337.71875,419.4925537109375
2022-04-14,184.0399932861328,329.99609375,414.2691955566406
2022-04-18,184.61000061035156,330.2496032714844,414.43951416015625
2022-04-19,181.82000732421875,337.6309814453125,421.1296691894531
2022-04-20,182.7100067138672,332.7067565917969,420.8173522949219
2022-04-21,182.05999755859375,325.8227233886719,414.52459716796875
2022-04-22,180.2899932861328,317.2907409667969,403.15045166015625
2022-04-25,177.0500030517578,321.3665771484375,405.48779296875
2022-04-26,177.32000732421875,309.23663330078125,393.7445068359375
2022-04-27,175.97999572753906,308.8661193847656,394.85162353515625
2022-04-28,176.92999267578125,319.8358154296875,404.8253173828125
2022-04-29,176.91000366210938,305.443603515625,389.86480712890625
2022-05-02,173.6300048828125,310.5432434082031,392.2115783691406
2022-05-03,174.08999633789062,310.874755859375,394.0094909667969
2022-05-04,175.8000030517578,321.3861083984375,406.0082092285156
2022-05-05,175.1300048828125,305.19976806640625,391.5776062011719
2022-05-06,175.4199981689453,301.54327392578125,389.24029541015625
2022-05-09,172.8800048828125,289.7447814941406,376.77783203125
2022-05-10,171.4199981689453,293.2648010253906,377.64837646484375
2022-05-11,172.82000732421875,284.5671081542969,371.64898681640625
2022-05-12,170.1699981689453,283.8943176269531,371.26104736328125
2022-05-13,168.7899932861328,294.4154052734375,380.1370849609375
2022-05-16,170.39999389648438,291.0025939941406,378.5946350097656
2022-05-17,169.3300018310547,298.5400695800781,386.3825378417969
2022-05-18,169.4199981689453,283.8846130371094,370.8067626953125
2022-05-19,171.91000366210938,282.3634338378906,368.5357666015625
2022-05-20,172.02999877929688,281.4859313964844,368.69659423828125
2022-05-23,172.8300018310547,286.16632080078125,375.594970703125
2022-05-24,174.1300048828125,280.0818176269531,372.72772216796875
2022-05-25,173.0800018310547,284.00164794921875,376.02081298828125
2022-05-26,172.75999450683594,291.87042236328125,383.5341491699219
2022-05-27,172.85000610351562,301.3970031738281,392.9496154785156
2022-05-31,171.13999938964844,300.5974426269531,390.7447204589844
2022-06-01,172.22999572753906,298.374267578125,387.5841979980469
2022-06-02,174.35000610351562,306.54547119140625,394.9652099609375
2022-06-03,172.5800018310547,298.5692443847656,388.48321533203125
2022-06-06,171.82000732421875,299.5638122558594,389.66607666015625
2022-06-07,172.94000244140625,302.1478271484375,393.40380859375
2022-06-08,172.77999877929688,299.973388671875,389.12664794921875
2022-06-09,172.22999572753906,291.9386901855469,379.8721618652344
2022-06-10,174.5399932861328,281.6419372558594,368.8575134277344
2022-06-13,169.92999267578125,268.54656982421875,354.8526611328125
2022-06-14,168.57000732421875,269.0340881347656,353.78338623046875
2022-06-15,170.77000427246094,275.7524108886719,358.8270263671875
2022-06-16,172.69000244140625,264.62677001953125,346.95123291015625
2022-06-17,171.27000427246094,267.8445129394531,347.6991882324219
2022-06-21,170.6300048828125,274.6020812988281,356.45208740234375
2022-06-22,171.30999755859375,274.2015686035156,355.8058166503906
2022-06-23,170.25999450683594,278.2851867675781,359.29364013671875
2022-06-24,170.08999633789062,287.8203125,370.7169494628906
2022-06-27,169.89999389648438,285.7100830078125,369.3008728027344
2022-06-28,169.6199951171875,277.00543212890625,361.7550354003906
2022-06-29,169.49000549316406,277.2594299316406,361.4604797363281
2022-06-30,168.4600067138672,273.820556640625,358.5238037109375
2022-07-01,168.32000732421875,275.6279296875,362.315673828125
2022-07-05,164.75,280.3465881347656,363.00006103515625
2022-07-06,162.13999938964844,282.14422607421875,364.2259826660156
2022-07-07,162.22999572753906,288.1817932128906,369.6810607910156
2022-07-08,162.3000030517578,288.5433044433594,369.376953125
2022-07-11,161.42999267578125,282.37872314453125,365.1573486328125
2022-07-12,160.8300018310547,279.64324951171875,361.92608642578125
2022-07-13,161.60000610351562,279.0667724609375,360.0254211425781
2022-07-14,159.3300018310547,280.0633239746094,359.151123046875
2022-07-15,159.00999450683594,285.1434326171875,366.0126647949219
2022-07-18,159.16000366210938,282.7303771972656,362.9906005859375
2022-07-19,159.5399932861328,291.42523193359375,372.7982177734375
2022-07-20,158.0399932861328,296.04632568359375,375.17413330078125
2022-07-21,160.27000427246094,300.2959899902344,378.99462890625
2022-07-22,160.6699981689453,295.0301818847656,375.478271484375
2022-07-25,160.22999572753906,293.349853515625,375.93450927734375
2022-07-26,160.0399932861328,287.5857849121094,371.48675537109375
2022-07-27,161.6699981689453,299.7391357421875,381.1329040527344
2022-07-28,163.63999938964844,302.66998291015625,385.9132385253906
2022-07-29,164.10000610351562,308.1897277832031,391.5393981933594
2022-08-01,165.02999877929688,308.0041198730469,390.3799133300781
2022-08-02,164.0500030517578,307.08587646484375,387.8044128417969
2022-08-03,164.4499969482422,315.4485778808594,393.8772888183594
2022-08-04,167.1699981689453,316.9237365722656,393.6111145019531
2022-08-05,165.2899932861328,314.3348083496094,392.9459228515625
2022-08-08,166.69000244140625,313.3187561035156,392.4897766113281
2022-08-09,167.1999969482422,309.77239990234375,390.93115234375
2022-08-10,166.77999877929688,318.4184875488281,399.1422424316406
2022-08-11,166.33999633789062,316.61114501953125,399.1422424316406
2022-08-12,167.8699951171875,322.7756652832031,405.8993225097656
2022-08-15,165.7100067138672,325.3841552734375,407.57196044921875
2022-08-16,165.4199981689453,324.6221008300781,408.3703308105469
2022-08-17,164.35000610351562,320.9195251464844,405.4716491699219
2022-08-18,163.9199981689453,321.6912536621094,406.6501159667969
2022-08-19,162.72000122070312,315.4192810058594,401.18560791015625
2022-08-22,161.63999938964844,307.1151123046875,392.8319091796875
2022-08-23,162.77000427246094,306.861083984375,391.8814697265625
2022-08-24,163.25,307.75018310546875,393.13592529296875
2022-08-25,163.75,313.19171142578125,398.68609619140625
2022-08-26,161.75999450683594,300.3545837402344,385.19091796875
2022-08-29,161.86000061035156,297.3945007324219,382.64404296875
2022-08-30,160.50999450683594,294.08251953125,378.44342041015625
2022-08-31,159.27000427246094,292.3728942871094,375.56378173828125
2022-09-01,157.8699951171875,292.4998779296875,376.74224853515625
2022-09-02,159.25999450683594,288.3674011230469,372.76971435546875
2022-09-06,158.3300018310547,286.29620361328125,371.3631896972656
2022-09-07,159.94000244140625,292.07977294921875,378.0346984863281
2022-09-08,158.97999572753906,293.59405517578125,380.50567626953125
2022-09-09,159.82000732421875,300.0126647949219,386.4169006347656
2022-09-12,160.6300048828125,303.5785217285156,390.57000732421875
2022-09-13,158.5399932861328,286.9312744140625,373.5870056152344
2022-09-14,157.92999267578125,289.2075500488281,375.0126037597656
2022-09-15,154.97999572753906,284.39117431640625,370.75494384765625
2022-09-16,155.83999633789062,282.6522216796875,367.926513671875
2022-09-19,155.9600067138672,284.8533020019531,370.77978515625
2022-09-20,155.07000732421875,282.5827331542969,366.5237121582031
2022-09-21,155.7899932861328,277.52276611328125,360.1302490234375
2022-09-22,155.6999969482422,274.1071472167969,357.1051940917969
2022-09-23,153.00999450683594,269.6441955566406,351.1218566894531
2022-09-26,151.22999572753906,268.5284423828125,347.64837646484375
2022-09-27,151.5399932861328,268.6361083984375,346.7609558105469
2022-09-28,154.69000244140625,273.9798278808594,353.58392333984375
2022-09-29,154.66000366210938,266.08172607421875,346.19793701171875
2022-09-30,154.6699981689453,261.56982421875,340.8444519042969
2022-10-03,158.42999267578125,267.70635986328125,349.8431701660156
2022-10-04,160.6999969482422,276.12322998046875,360.6836242675781
2022-10-05,159.80999755859375,275.9764709472656,359.84393310546875
2022-10-06,159.6300048828125,273.80364990234375,356.1318054199219
2022-10-07,157.8800048828125,263.3706359863281,346.19793701171875
2022-10-10,155.47999572753906,260.73797607421875,343.5545349121094
2022-10-11,155.16000366210938,257.1558532714844,341.3788146972656
2022-10-12,155.99000549316406,257.0677795410156,340.2528076171875
2022-10-13,154.91000366210938,263.0966491699219,349.2325134277344
2022-10-14,152.97999572753906,255.18862915039062,341.2738952636719
2022-10-17,153.4199981689453,263.6153259277344,350.0435791015625
2022-10-18,153.75,265.6999816894531,354.1564636230469
2022-10-19,151.69000244140625,264.7311096191406,351.64678955078125
2022-10-20,151.4499969482422,263.38043212890625,348.69805908203125
2022-10-21,154.14999389648438,269.55609130859375,357.1719970703125
2022-10-24,153.64999389648438,272.5215759277344,361.54248046875
2022-10-25,154.0,278.1589660644531,367.31585693359375
2022-10-26,154.97999572753906,272.01263427734375,364.5484313964844
2022-10-27,154.74000549316406,267.06036376953125,362.60174560546875
2022-10-28,153.16000366210938,275.23260498046875,371.2282409667969
2022-10-31,151.91000366210938,272.0322265625,368.5467529296875
2022-11-01,153.4600067138672,269.25262451171875,366.9341125488281
2022-11-02,152.38999938964844,260.0234069824219,357.7254638671875
2022-11-03,151.80999755859375,254.94390869140625,354.0419616699219
2022-11-04,156.47000122070312,259.0447692871094,359.1377258300781
2022-11-07,155.85000610351562,261.89288330078125,362.57305908203125
2022-11-08,159.4499969482422,263.8013000488281,364.5293884277344
2022-11-09,158.64999389648438,257.7137145996094,357.0192565917969
2022-11-10,163.47999572753906,276.7301025390625,376.6388854980469
2022-11-11,164.55999755859375,281.8290710449219,380.28424072265625
2022-11-14,164.9199981689453,279.3628234863281,377.04931640625
2022-11-15,165.5,283.2286682128906,380.26513671875
2022-11-16,165.1199951171875,279.3628234863281,377.3642272949219
2022-11-17,163.9199981689453,278.74615478515625,376.2095947265625
2022-11-18,162.7899932861328,278.7559814453125,377.9176940917969
2022-11-21,161.8800048828125,275.8883972167969,376.54351806640625
2022-11-22,162.07000732421875,279.8619079589844,381.61065673828125
2022-11-23,163.0800018310547,282.67083740234375,384.01544189453125
2022-11-25,163.22000122070312,280.8113098144531,383.9294738769531
2022-11-28,161.92999267578125,276.69091796875,377.8031311035156
2022-11-29,162.72999572753906,274.59649658203125,377.154296875
2022-11-30,164.80999755859375,287.11407470703125,389.0348815917969
2022-12-01,167.83999633789062,287.4664611816406,388.74859619140625
2022-12-02,167.25999450683594,286.3213806152344,388.3000793457031
2022-12-05,164.38999938964844,281.5159606933594,381.3148498535156
2022-12-06,164.83999633789062,275.6827697753906,375.8183288574219
2022-12-07,166.3300018310547,274.55731201171875,375.1789245605469
2022-12-08,166.47000122070312,277.806640625,378.11810302734375
2022-12-09,167.05999755859375,276.03515625,375.2934265136719
2022-12-12,165.67999267578125,279.4997863769531,380.70416259765625
2022-12-13,168.50999450683594,282.50439453125,383.5859680175781
2022-12-14,168.10000610351562,280.4100036621094,381.1335144042969
2022-12-15,165.35000610351562,270.9947509765625,371.810302734375
2022-12-16,166.7899932861328,268.4109802246094,367.4206848144531
2022-12-19,166.32000732421875,264.6388854980469,364.30511474609375
2022-12-20,169.0800018310547,264.4328918457031,364.8036804199219
2022-12-21,168.8000030517578,268.2688293457031,370.25836181640625
2022-12-22,166.75999450683594,261.7055358886719,364.9761962890625
2022-12-23,167.25999450683594,262.294189453125,367.0756530761719
2022-12-27,168.6699981689453,258.58575439453125,365.6280517578125
2022-12-28,167.91000366210938,255.17169189453125,361.0840759277344
2022-12-29,168.85000610351562,261.3916320800781,367.5837097167969
2022-12-30,169.63999938964844,261.234619140625,366.6154479980469
2023-01-03,171.05999755859375,259.4687194824219,365.0720520019531
2023-01-04,172.6699981689453,260.7048645019531,367.8904724121094
2023-01-05,170.52000427246094,256.62371826171875,363.691650390625
2023-01-06,173.7100067138672,263.70684814453125,372.0318298339844
2023-01-09,174.10000610351562,265.4139099121094,371.8208923339844
2023-01-10,174.74000549316406,267.6605224609375,374.428466796875
2023-01-11,174.6199951171875,272.29107666015625,379.1641540527344
2023-01-12,176.63999938964844,273.7626647949219,380.5446472167969
2023-01-13,178.75999450683594,275.6462707519531,382.0209045410156
2023-01-17,177.58999633789062,276.20556640625,381.32110595703125
2023-01-18,177.0800018310547,272.6148376464844,375.30078125
2023-01-19,179.88999938964844,269.9365234375,372.5686950683594
2023-01-20,179.2899932861328,277.3238525390625,379.5093078613281
2023-01-23,179.6300048828125,283.4849548339844,384.06280517578125
2023-01-24,180.27999877929688,282.9060974121094,383.65069580078125
2023-01-25,181.11000061035156,282.27825927734375,383.79443359375
2023-01-26,179.47000122070312,287.7818908691406,388.0124816894531
2023-01-27,179.22000122070312,290.6466064453125,388.90399169921875
2023-01-30,178.75999450683594,284.7700500488281,384.0244445800781
2023-01-31,179.41000366210938,289.03765869140625,389.67095947265625
2023-02-01,181.6699981689453,295.21826171875,393.8123474121094
2023-02-02,177.89999389648438,305.8136291503906,399.5450134277344
2023-02-03,173.4600067138672,300.37860107421875,395.29815673828125
2023-02-06,173.82000732421875,297.8377380371094,392.8824157714844
2023-02-07,173.97999572753906,304.008544921875,398.020751953125
2023-02-08,174.41000366210938,298.60284423828125,393.6684875488281
2023-02-09,173.02999877929688,295.9638977050781,390.2557067871094
2023-02-10,173.36000061035156,294.0213928222656,391.16644287109375
2023-02-13,172.47999572753906,298.73040771484375,395.75830078125
2023-02-14,172.61000061035156,300.93780517578125,395.57623291015625
2023-02-15,170.88999938964844,303.2432861328125,396.8608703613281
2023-02-16,170.75,297.5531921386719,391.3965148925781
2023-02-17,171.25999450683594,295.4537048339844,390.4187316894531
2023-02-21,170.6199951171875,288.4587707519531,382.5865173339844
2023-02-22,169.66000366210938,288.6746520996094,382.05926513671875
2023-02-23,169.57000732421875,291.19598388671875,384.09161376953125
2023-02-24,168.35000610351562,286.32012939453125,379.9886474609375
2023-02-27,169.00999450683594,288.3705749511719,381.28277587890625
2023-02-28,169.77999877929688,287.9977111816406,379.87359619140625
2023-03-01,170.75999450683594,285.68243408203125,378.4164123535156
2023-03-02,170.66000366210938,288.0467529296875,381.3594665527344
2023-03-03,172.49000549316406,294.00177001953125,387.4756164550781
2023-03-06,171.6199951171875,294.3353271484375,387.7441101074219
2023-03-07,168.6199951171875,290.72503662109375,381.8004455566406
2023-03-08,168.5399932861328,292.1770324707031,382.423583984375
2023-03-09,170.1999969482422,287.11474609375,375.367919921875
2023-03-10,173.8699951171875,283.0826110839844,369.95159912109375
2023-03-13,177.86000061035156,285.1820983886719,369.42431640625
2023-03-14,176.8300018310547,291.73553466796875,375.5308837890625
2023-03-15,178.2100067138672,293.2659606933594,373.18218994140625
2023-03-16,178.57000732421875,300.9967041015625,379.7297668457031
2023-03-17,183.77000427246094,299.57415771484375,375.2896423339844
2023-03-20,183.83999633789062,300.6372985839844,378.89837646484375
2023-03-21,180.3699951171875,304.93115234375,383.87347412109375
2023-03-22,183.44000244140625,300.7846984863281,377.3298034667969
2023-03-23,185.74000549316406,304.3514099121094,378.3498229980469
2023-03-24,183.64999389648438,305.4715270996094,380.8325500488281
2023-03-27,181.9499969482422,303.3786315917969,381.544677734375
2023-03-28,183.44000244140625,301.76727294921875,380.6882629394531
2023-03-29,182.52999877929688,307.2696533203125,386.22149658203125
2023-03-30,184.17999267578125,310.1781005859375,388.48291015625
2023-03-31,183.22000122070312,315.3365173339844,393.95843505859375
2023-04-03,184.5399932861328,314.5701904296875,395.45965576171875
2023-04-04,187.97999572753906,313.509033203125,393.2655944824219
2023-04-05,187.8300018310547,310.41387939453125,392.2359313964844
2023-04-06,186.49000549316406,312.5067138671875,393.7659912109375
2023-04-10,185.11000061035156,312.3299255371094,394.1701354980469
2023-04-11,186.27999877929688,310.3254089355469,394.27593994140625
2023-04-12,187.19000244140625,307.5841369628906,392.6689758300781
2023-04-13,189.72000122070312,313.60723876953125,397.8846740722656
2023-04-14,186.36000061035156,313.0177001953125,396.9126892089844
2023-04-17,185.52999877929688,313.282958984375,398.3368835449219
2023-04-18,186.25,313.3026428222656,398.59674072265625
2023-04-19,185.36000061035156,313.15521240234375,398.5293884277344
2023-04-20,186.08999633789062,310.7676086425781,396.3546447753906
2023-04-21,184.25,311.091796875,396.66253662109375
2023-04-24,184.80999755859375,310.4433288574219,397.0763244628906
2023-04-25,185.75,304.5873107910156,390.773193359375
2023-04-26,184.74000549316406,306.4344787597656,389.1180114746094
2023-04-27,184.75,314.76666259765625,396.8646240234375
2023-04-28,184.8000030517578,316.93817138671875,400.25189208984375
2023-05-01,183.97000122070312,316.5746154785156,399.8477783203125
2023-05-02,187.52000427246094,313.8135681152344,395.3537902832031
2023-05-03,189.11000061035156,311.7599792480469,392.6400451660156
2023-05-04,190.44000244140625,310.6595458984375,389.8589782714844
2023-05-05,187.4600067138672,317.2624816894531,397.0763244628906
2023-05-08,187.69000244140625,318.0484924316406,397.18212890625
2023-05-09,189.02000427246094,316.0342102050781,395.44036865234375
2023-05-10,188.75,319.4732360839844,397.28802490234375
2023-05-11,187.1300048828125,320.51470947265625,396.59515380859375
2023-05-12,186.80999755859375,319.3650207519531,396.0755310058594
2023-05-15,187.2100067138672,321.0944519042969,397.4419860839844
2023-05-16,184.8699951171875,321.4579772949219,394.7860412597656
2023-05-17,184.22999572753906,325.3489990234375,399.5783386230469
2023-05-18,181.83999633789062,331.39178466796875,403.4275817871094
2023-05-19,183.63999938964844,330.64501953125,402.84051513671875
2023-05-22,183.2100067138672,331.7552795410156,403.00408935546875
2023-05-23,183.42999267578125,327.5499267578125,398.48126220703125
2023-05-24,181.9499969482422,325.8696594238281,395.5943603515625
2023-05-25,180.1999969482422,333.7990417480469,399.0201416015625
2023-05-26,180.9199981689453,342.3277893066406,404.187744140625
2023-05-30,182.0399932861328,343.88031005859375,404.3416748046875
2023-05-31,182.32000732421875,341.92486572265625,402.0995788574219
2023-06-01,183.75999450683594,345.8748474121094,405.9199523925781
2023-06-02,181.0500030517578,348.4688720703125,411.78997802734375
2023-06-05,182.13999938964844,348.7145080566406,411.0008850097656
2023-06-06,182.33999633789062,348.6554870605469,411.8958435058594
2023-06-07,180.14999389648438,342.74041748046875,410.4715576171875
2023-06-08,182.52999877929688,346.9949645996094,412.954345703125
2023-06-09,182.0399932861328,348.32147216796875,413.6954040527344
2023-06-12,181.8800048828125,354.2070617675781,417.4483337402344
2023-06-13,180.5399932861328,356.9287414550781,420.2005615234375
2023-06-14,180.63999938964844,359.5227966308594,420.7008972167969
2023-06-15,181.91000366210938,363.80682373046875,425.91656494140625
2023-06-16,181.6300048828125,361.5174255371094,424.4658508300781
2023-06-20,179.75,360.9998474121094,422.2636413574219
2023-06-21,179.49000549316406,356.0802917480469,420.10003662109375
2023-06-22,177.7100067138672,360.2816162109375,421.61651611328125
2023-06-23,178.1999969482422,356.7100524902344,418.4291076660156
2023-06-26,178.50999450683594,351.9281005859375,416.7195129394531
2023-06-27,177.69000244140625,357.9792175292969,421.2880859375
2023-06-28,177.27999877929688,358.6778259277344,421.5006408691406
2023-06-29,177.08999633789062,357.95947265625,423.1618957519531
2023-06-30,178.27000427246094,363.47930908203125,428.1554870605469
2023-07-03,178.47000122070312,364.33538818359375,428.6481018066406
2023-07-05,177.83999633789062,364.32550048828125,428.0106506347656
2023-07-06,177.30999755859375,361.55084228515625,424.6590576171875
2023-07-07,178.63999938964844,360.3504638671875,423.5868835449219
2023-07-10,178.77999877929688,360.468505859375,424.6590576171875
2023-07-11,179.4499969482422,362.2494201660156,427.36358642578125
2023-07-12,181.8800048828125,366.8246765136719,430.8020324707031
2023-07-13,182.00999450683594,373.0528564453125,434.22125244140625
2023-07-14,181.42999267578125,372.9741516113281,433.9508361816406
2023-07-17,181.55999755859375,376.4572448730469,435.45758056640625
2023-07-18,183.63999938964844,379.536865234375,438.6932678222656
2023-07-19,183.6699981689453,379.44830322265625,439.6687927246094
2023-07-20,182.74000549316406,370.7013244628906,436.7518615722656
2023-07-21,182.17999267578125,369.5895080566406,436.7518615722656
2023-07-24,181.39999389648438,370.17987060546875,438.70294189453125
2023-07-25,182.41000366210938,372.68878173828125,439.900634765625
2023-07-26,183.3000030517578,371.44903564453125,439.96826171875
2023-07-27,180.4199981689453,370.5635681152344,437.0512390136719
2023-07-28,181.86000061035156,377.313232421875,441.3301086425781
2023-07-31,182.35000610351562,377.5100402832031,442.17047119140625
2023-08-01,180.4600067138672,376.63433837890625,440.9051818847656
2023-08-02,179.60000610351562,368.36944580078125,434.7717590332031
2023-08-03,179.5399932861328,367.7790832519531,433.5257568359375
2023-08-04,180.19000244140625,366.0572204589844,431.56512451171875
2023-08-07,179.77999877929688,369.15655517578125,435.33209228515625
2023-08-08,178.63999938964844,366.01788330078125,433.4388732910156
2023-08-09,177.7899932861328,361.99359130859375,430.541259765625
2023-08-10,177.60000610351562,362.6627197265625,430.6957702636719
2023-08-11,177.60000610351562,360.3504638671875,430.44464111328125
2023-08-14,177.05999755859375,364.39434814453125,432.82073974609375
2023-08-15,176.58999633789062,360.5275573730469,427.77886962890625
2023-08-16,175.57000732421875,356.7100524902344,424.6398010253906
2023-08-17,175.3000030517578,352.8136291503906,421.404052734375
2023-08-18,175.3300018310547,352.3708801269531,421.6068420410156
2023-08-21,175.80999755859375,358.0480651855469,424.34991455078125
2023-08-22,176.10000610351562,357.5364685058594,423.2005920410156
2023-08-23,177.88999938964844,363.1742858886719,427.9140319824219
2023-08-24,177.85000610351562,355.4112243652344,421.98358154296875
2023-08-25,177.6199951171875,358.1661682128906,424.95843505859375
2023-08-28,178.1300048828125,360.86212158203125,427.65325927734375
2023-08-29,179.8699951171875,368.7432861328125,433.8349609375
2023-08-30,180.32000732421875,370.7996826171875,435.62176513671875
2023-08-31,180.02000427246094,371.9115905761719,434.9842529296875
2023-09-01,180.11000061035156,371.5179138183594,435.7956237792969
2023-09-05,178.63999938964844,371.990234375,433.91217041015625
2023-09-06,177.8300018310547,368.7138366699219,430.9952087402344
2023-09-07,178.02000427246094,366.0769348144531,429.67193603515625
2023-09-08,178.0800018310547,366.5885314941406,430.3190612792969
2023-09-11,178.41000366210938,370.907958984375,433.1490783691406
2023-09-12,177.49000549316406,366.795166015625,430.7730712890625
2023-09-13,177.0800018310547,368.1922912597656,431.2752685546875
2023-09-14,177.1699981689453,371.203125,434.9939270019531
2023-09-15,178.33999633789062,364.8470153808594,429.7530212402344
2023-09-18,179.38999938964844,365.2273254394531,430.00506591796875
2023-09-19,179.22000122070312,364.44891357421875,429.1132507324219
2023-09-20,179.35000610351562,359.197021484375,425.16827392578125
2023-09-21,178.0500030517578,352.6149597167969,418.14093017578125
2023-09-22,178.6199951171875,352.6642150878906,417.2007751464844
2023-09-25,177.6999969482422,354.3392639160156,418.9551696777344
2023-09-26,176.27999877929688,349.0184020996094,412.8002014160156
2023-09-27,174.10000610351562,349.8363037109375,412.96490478515625
2023-09-28,173.22999572753906,352.7627258300781,415.359130859375
2023-09-29,171.4499969482422,353.0189514160156,414.3510437011719
2023-10-02,169.64999389648438,355.965087890625,414.1862487792969
2023-10-03,169.16000366210938,349.7180480957031,408.6419372558594
2023-10-04,169.13999938964844,354.4772033691406,411.6176452636719
2023-10-05,168.8300018310547,353.4327392578125,411.4625549316406
2023-10-06,169.6999969482422,359.3547058105469,416.3478088378906
2023-10-09,172.82000732421875,361.1873474121094,419.0133056640625
2023-10-10,172.52999877929688,363.18768310546875,421.1942138671875
2023-10-11,173.7899932861328,365.77911376953125,422.9195251464844
2023-10-12,173.25999450683594,364.50799560546875,420.3411865234375
2023-10-13,178.8300018310547,359.9261779785156,418.24755859375
2023-10-16,177.9600067138672,363.99566650390625,422.64813232421875
2023-10-17,178.2899932861328,362.8034362792969,422.62872314453125
2023-10-18,180.8699951171875,358.044189453125,416.9972229003906
2023-10-19,183.08999633789062,354.69403076171875,413.333251953125
2023-10-20,183.58999633789062,349.4027099609375,408.25421142578125
2023-10-23,182.97000122070312,350.4570007324219,407.5466003417969
2023-10-24,182.9499969482422,353.8663024902344,410.6192626953125
2023-10-25,183.72000122070312,345.2051696777344,404.7260437011719
2023-10-26,184.00999450683594,338.6230773925781,399.87957763671875
2023-10-27,186.14999389648438,340.24884033203125,398.0670166015625
2023-10-30,185.10000610351562,344.08184814453125,402.8262023925781
2023-10-31,184.08999633789062,345.7273254394531,405.3560485839844
2023-11-01,183.50999450683594,351.72808837890625,409.6791076660156
2023-11-02,184.1199951171875,358.1131591796875,417.5303039550781
2023-11-03,184.7899932861328,362.3205871582031,421.339599609375
2023-11-06,183.35000610351562,363.7985534667969,422.30889892578125
2023-11-07,182.58999633789062,367.2374267578125,423.5108337402344
2023-11-08,180.77000427246094,367.4739074707031,423.8209228515625
2023-11-09,181.49000549316406,364.64593505859375,420.5157165527344
2023-11-10,179.50999450683594,372.8439636230469,427.0777587890625
2023-11-13,180.50999450683594,371.68133544921875,426.6706848144531
2023-11-14,182.1199951171875,379.68231201171875,434.9483947753906
2023-11-15,181.63999938964844,379.968017578125,435.8692321777344
2023-11-16,183.69000244140625,380.2932434082031,436.4023742675781
2023-11-17,183.6699981689453,380.38189697265625,436.94512939453125
2023-11-20,183.3699951171875,385.0130310058594,440.3085632324219
2023-11-21,185.35000610351562,382.7762756347656,439.3489685058594
2023-11-22,184.55999755859375,384.3429870605469,441.045166015625
2023-11-24,185.52000427246094,383.801025390625,441.31658935546875
2023-11-27,186.77000427246094,383.46600341796875,440.5217590332031
2023-11-28,189.25999450683594,384.4710998535156,440.9580078125
2023-11-29,189.5399932861328,384.09661865234375,440.6477966308594
2023-11-30,188.75,383.1310119628906,442.3828430175781
2023-12-01,192.00999450683594,384.2247314453125,444.99993896484375
2023-12-04,187.86000061035156,380.6577453613281,442.66387939453125
2023-12-05,187.14999389648438,381.6135559082031,442.5766906738281
2023-12-06,187.83999633789062,379.40643310546875,440.7932434082031
2023-12-07,188.14999389648438,384.7076110839844,444.1566467285156
2023-12-08,185.63999938964844,386.42205810546875,446.066162109375
2023-12-11,183.58999633789062,389.72296142578125,447.8011474609375
2023-12-12,183.49000549316406,392.8267822265625,449.8463439941406
2023-12-13,187.6300048828125,397.8224792480469,456.0498352050781
2023-12-14,188.72999572753906,397.47760009765625,457.513427734375
2023-12-15,187.0,399.3990478515625,456.76007080078125
2023-12-18,187.85000610351562,401.9146423339844,459.3294372558594
2023-12-19,189.1300048828125,403.9683532714844,462.12255859375
2023-12-20,188.10000610351562,397.9654541015625,455.71881103515625
2023-12-21,189.42999267578125,402.5959777832031,460.03985595703125
2023-12-22,190.27000427246094,403.1982116699219,460.96441650390625
2023-12-26,191.72000122070312,405.66650390625,462.91082763671875
2023-12-27,192.58999633789062,406.4923400878906,463.7478332519531
2023-12-28,191.47000122070312,406.2947082519531,463.9230041503906
2023-12-29,191.1699981689453,404.53643798828125,462.5799865722656
2024-01-02,190.72000122070312,397.69073486328125,459.9912109375
2024-01-03,189.1300048828125,393.4825744628906,456.234619140625
2024-01-04,189.32000732421875,391.4575500488281,454.7650146484375
2024-01-05,189.35000610351562,391.9218444824219,455.3879089355469
2024-01-08,187.8699951171875,400.02203369140625,461.88897705078125
2024-01-09,187.92999267578125,400.8122863769531,461.18829345703125
2024-01-10,187.5,403.5288391113281,463.7964782714844
2024-01-11,187.8699951171875,404.3685302734375,463.59210205078125
2024-01-12,189.7100067138672,404.5758972167969,463.91326904296875
2024-01-16,187.91000366210938,404.53643798828125,462.21014404296875
2024-01-17,185.83999633789062,402.2544860839844,459.6408386230469
2024-01-18,187.3699951171875,407.96417236328125,463.7283630371094
2024-01-19,187.92999267578125,416.0544738769531,469.5092468261719
2024-01-22,187.22000122070312,416.5978088378906,470.50201416015625
2024-01-23,187.9499969482422,418.3265380859375,471.87420654296875
2024-01-24,186.39999389648438,420.64794921875,472.3900146484375
2024-01-25,187.13999938964844,421.16162109375,474.95928955078125
2024-01-26,187.00999450683594,418.65252685546875,474.3558654785156
2024-01-29,188.3300018310547,422.939697265625,478.112548828125
2024-01-30,188.58999633789062,420.1243896484375,477.74267578125
2024-01-31,188.4499969482422,411.8957824707031,469.9472351074219
2024-02-01,190.41000366210938,416.7460021972656,476.09796142578125
2024-02-02,188.61000061035156,423.78924560546875,481.1099853515625
2024-02-05,187.57000732421875,423.236083984375,479.3581848144531
2024-02-06,188.5500030517578,422.38653564453125,480.74993896484375
2024-02-07,188.5,426.7329406738281,484.7596130371094
2024-02-08,188.3300018310547,427.5232238769531,484.9736633300781
2024-02-09,187.60000610351562,431.73138427734375,487.776611328125
2024-02-12,187.11000061035156,430.0422058105469,487.5625
2024-02-13,184.52999877929688,423.3348083496094,480.84722900390625
2024-02-14,184.4199981689453,427.9479675292969,485.21697998046875
2024-02-15,185.66000366210938,429.2223205566406,488.56488037109375
2024-02-16,186.33999633789062,425.33026123046875,486.13189697265625
2024-02-20,187.47000122070312,422.11981201171875,483.45550537109375
2024-02-21,187.47999572753906,420.43060302734375,483.8934631347656
2024-02-22,187.55999755859375,432.73895263671875,493.9078674316406
2024-02-23,188.6199951171875,431.4646911621094,494.2484130859375
2024-02-26,188.1999969482422,431.23748779296875,492.43829345703125
2024-02-27,188.0,432.27471923828125,493.35308837890625
2024-02-28,188.33999633789062,429.9730529785156,492.7010498046875
2024-02-29,189.30999755859375,433.65765380859375,494.4722900390625
2024-03-01,192.88999938964844,440.1872253417969,499.11456298828125
2024-03-04,196.00999450683594,438.6165466308594,498.5793151855469
2024-03-05,197.19000244140625,430.7435302734375,493.596435546875
2024-03-06,198.80999755859375,433.4501953125,496.0975646972656
2024-03-07,199.94000244140625,440.0291442871094,501.0220031738281
2024-03-08,201.6300048828125,433.6773681640625,498.01483154296875
2024-03-11,202.0,432.0672607421875,497.5865783691406
2024-03-12,199.7899932861328,438.2609558105469,502.9393310546875
2024-03-13,201.19000244140625,434.8924865722656,502.15093994140625
2024-03-14,200.35000610351562,433.79595947265625,501.15826416015625
2024-03-15,199.7100067138672,428.6394348144531,497.7170715332031
2024-03-18,200.02999877929688,432.72760009765625,500.6750793457031
2024-03-19,199.8000030517578,433.8057556152344,503.4574279785156
2024-03-20,202.17999267578125,438.9492492675781,508.1139831542969
2024-03-21,201.97000122070312,441.0264892578125,509.793212890625
2024-03-22,200.35000610351562,441.53094482421875,508.8266906738281
2024-03-25,200.99000549316406,439.92852783203125,507.42083740234375
2024-03-26,201.63999938964844,438.5041809082031,506.4837341308594
2024-03-27,203.10000610351562,439.997802734375,510.74017333984375
2024-03-28,205.72000122070312,439.1866455078125,510.6425476074219
2024-04-01,207.82000732421875,440.1164855957031,509.7541198730469
2024-04-02,210.88999938964844,436.3181457519531,506.5130310058594
2024-04-03,212.74000549316406,437.29742431640625,507.0693664550781
2024-04-04,211.52000427246094,430.6108703613281,500.8800964355469
2024-04-05,215.13999938964844,435.68511962890625,506.11273193359375
2024-04-08,216.47999572753906,435.813720703125,506.3958740234375
2024-04-09,217.6699981689453,437.4259948730469,506.98162841796875
2024-04-10,215.61000061035156,433.60797119140625,501.9051818847656
2024-04-11,219.8000030517578,440.5318908691406,505.6930236816406
2024-04-12,216.88999938964844,433.509033203125,498.71282958984375
2024-04-15,220.9499969482422,426.37738037109375,492.4649353027344
2024-04-16,221.22000122070312,426.4169006347656,491.5667724609375
2024-04-17,219.58999633789062,421.2140197753906,488.6575927734375
2024-04-18,220.33999633789062,418.8104248046875,487.6519775390625
2024-04-19,221.02999877929688,410.14556884765625,483.3955993652344
2024-04-22,215.57000732421875,414.27032470703125,487.84735107421875
2024-04-23,215.0399932861328,420.4524230957031,493.6363830566406
2024-04-24,214.63999938964844,421.876708984375,493.4020690917969
2024-04-25,215.9199981689453,419.83917236328125,491.5276794433594
2024-04-26,216.6199951171875,426.3179931640625,496.18438720703125
2024-04-29,216.17999267578125,428.0489501953125,497.941650390625
2024-04-30,211.8699951171875,419.9776306152344,490.0536193847656
2024-05-01,213.7899932861328,416.9409484863281,488.46240234375
2024-05-02,213.1300048828125,422.2624816894531,493.03106689453125
2024-05-03,212.9600067138672,430.74932861328125,499.1423645019531
2024-05-06,215.1999969482422,435.46746826171875,504.29693603515625
2024-05-07,214.2100067138672,435.5367431640625,504.8534240722656
2024-05-08,213.5800018310547,435.279541015625,504.9021911621094
2024-05-09,216.9499969482422,436.2291564941406,507.8113708496094
2024-05-10,218.7100067138672,437.25787353515625,508.4654846191406
2024-05-13,216.25999450683594,438.2667236328125,508.53387451171875
2024-05-14,218.08999633789062,441.0857849121094,510.86700439453125
2024-05-15,220.88999938964844,447.9800720214844,517.193115234375
2024-05-16,220.02999877929688,447.0700988769531,516.1289672851562
2024-05-17,223.66000366210938,446.8525085449219,516.8709106445312
2024-05-20,224.55999755859375,449.9682312011719,517.4663696289062
2024-05-21,224.22999572753906,450.8486022949219,518.735595703125
2024-05-22,220.11000061035156,450.7595520019531,517.2420043945312
2024-05-23,215.72000122070312,448.7318420410156,513.4638671875
2024-05-24,215.9199981689453,452.9752197265625,516.8612060546875
2024-05-28,218.19000244140625,454.68646240234375,517.2224731445312
2024-05-29,216.16000366210938,451.4815979003906,513.6005249023438
2024-05-30,216.57000732421875,446.6447448730469,510.1934509277344
2024-05-31,215.3000030517578,445.8138732910156,514.84033203125
2024-06-03,217.22000122070312,448.20758056640625,515.2601318359375
2024-06-04,215.27000427246094,449.4341125488281,515.836181640625
2024-06-05,217.82000732421875,458.49462890625,521.9668579101562
2024-06-06,219.42999267578125,458.33636474609375,521.9571533203125
2024-06-07,211.60000610351562,457.93072509765625,521.3226318359375
2024-06-10,213.5399932861328,459.7804870605469,522.9332885742188
2024-06-11,214.14999389648438,462.9358215332031,524.1927490234375
2024-06-12,214.72000122070312,468.9992370605469,528.498046875
2024-06-13,212.97000122070312,471.54132080078125,529.5620727539062
2024-06-14,215.72999572753906,473.9844970703125,529.88427734375
2024-06-17,214.61000061035156,479.7907409667969,534.1015625
2024-06-18,215.47000122070312,479.9391174316406,535.4586181640625
2024-06-20,218.16000366210938,476.23974609375,534.0039672851562
2024-06-21,214.77999877929688,474.9637451171875,533.2880859375
2024-06-24,215.6300048828125,469.5564270019531,531.5545043945312
2024-06-25,214.55999755859375,474.9261169433594,533.6014404296875
2024-06-26,212.5800018310547,475.90692138671875,534.2673950195312
2024-06-27,214.99000549316406,477.1354064941406,535.1098022460938
2024-06-28,215.00999450683594,474.6585998535156,533.0040283203125
2024-07-01,215.57000732421875,477.4425048828125,534.1009521484375
2024-07-02,215.55999755859375,482.4555358886719,537.6953125
2024-07-03,217.99000549316406,486.477783203125,540.0948486328125
2024-07-05,220.92999267578125,491.5501708984375,543.2092895507812
2024-07-08,218.19000244140625,492.7192077636719,543.8360595703125
2024-07-09,218.55999755859375,493.14520263671875,544.3649291992188
2024-07-10,219.36000061035156,498.2870178222656,549.7515869140625
2024-07-11,223.25,487.3594970703125,545.0112915039062
2024-07-12,223.11000061035156,490.22265625,548.4489135742188
2024-07-15,223.8300018310547,491.5403137207031,549.957275390625
2024-07-16,228.2899932861328,491.7285461425781,553.2185668945312
2024-07-17,227.22999572753906,477.29388427734375,545.4618530273438
2024-07-18,225.77999877929688,475.03509521484375,541.27001953125
2024-07-19,221.72999572753906,470.82452392578125,537.6757202148438
2024-07-22,221.8000030517578,477.83880615234375,543.2191162109375
2024-07-23,222.5800018310547,476.1545715332031,542.3670043945312
2024-07-24,221.8000030517578,459.0747985839844,530.07568359375
2024-07-25,218.3300018310547,454.0122375488281,527.3136596679688
2024-07-26,220.6300048828125,458.6685485839844,533.2195434570312
2024-07-29,220.32000732421875,459.5899353027344,533.5328979492188
2024-07-30,222.52000427246094,453.27911376953125,530.8297729492188
2024-07-31,226.5500030517578,466.6933288574219,539.458251953125
2024-08-01,225.77000427246094,455.3893127441406,531.8189697265625
2024-08-02,225.33999633789062,444.5806884765625,521.9173583984375
2024-08-05,222.47999572753906,431.3249816894531,506.7171630859375
2024-08-06,220.6999969482422,435.4462890625,511.3888854980469
2024-08-07,220.5500030517578,430.73052978515625,507.9707336425781
2024-08-08,224.00999450683594,443.9070129394531,519.7136840820312
2024-08-09,224.55999755859375,446.2252502441406,522.0054931640625
2024-08-12,228.41000366210938,447.186279296875,522.2797241210938
2024-08-13,228.05999755859375,458.28216552734375,530.8689575195312
2024-08-14,226.1999969482422,458.4308166503906,532.5437622070312
2024-08-15,226.91000366210938,470.01220703125,541.671630859375
2024-08-16,231.99000549316406,470.61651611328125,542.8860473632812
2024-08-19,231.61000061035156,476.79852294921875,548.0767211914062
2024-08-20,232.4600067138672,475.7979431152344,547.1856079101562
2024-08-21,232.14999389648438,478.0170593261719,549.0659790039062
2024-08-22,229.3699951171875,470.438232421875,544.7566528320312
2024-08-23,232.02000427246094,475.5403137207031,550.5448608398438
2024-08-26,232.75999450683594,470.92364501953125,549.2325439453125
2024-08-27,233.38999938964844,472.3304748535156,549.9866943359375
2024-08-28,231.75,466.9707336425781,546.7938842773438
2024-08-29,232.9499969482422,466.287109375,546.8427124023438
2024-08-30,231.2899932861328,471.8450012207031,552.0629272460938
2024-09-03,230.2899932861328,457.5193786621094,540.7020874023438
2024-09-04,230.42999267578125,456.3304443359375,539.5953369140625
2024-09-05,232.35000610351562,456.7565002441406,538.282958984375
2024-09-06,230.6300048828125,444.5212707519531,529.2235717773438
2024-09-09,231.60000610351562,450.2376403808594,535.1488647460938
2024-09-10,232.6199951171875,454.3986511230469,537.4798583984375
2024-09-11,232.25,464.26605224609375,542.9937744140625
2024-09-12,236.3300018310547,468.8233337402344,547.5675048828125
2024-09-13,238.67999267578125,470.92364501953125,550.427490234375
2024-09-16,238.66000366210938,468.8431091308594,551.2402954101562
2024-09-17,237.33999633789062,469.0908508300781,551.4654541015625
2024-09-18,235.50999450683594,467.05987548828125,549.8300170898438
2024-09-19,239.1699981689453,478.8691101074219,559.2125244140625
2024-09-20,242.2100067138672,477.9576416015625,558.245849609375
2024-09-23,242.67999267578125,479.2245788574219,559.6408081054688
2024-09-24,246.07000732421875,481.5361633300781,561.2420654296875
2024-09-25,245.72999572753906,481.9826354980469,560.0042724609375
2024-09-26,246.97999572753906,485.6037902832031,562.2244873046875
2024-09-27,245.02000427246094,482.9052734375,561.4090576171875
2024-09-30,243.05999755859375,484.2148742675781,563.6588134765625
2024-10-01,245.61000061035156,477.4685363769531,558.6093139648438
2024-10-02,245.66000366210938,478.1431579589844,558.8450317382812
2024-10-03,245.49000549316406,477.7860412597656,557.8233642578125
2024-10-04,245.0,483.47076416015625,562.892578125
2024-10-07,244.1699981689453,478.29205322265625,557.8037109375
2024-10-08,242.3699951171875,485.4351501464844,563.0792236328125
2024-10-09,241.0500030517578,489.2547302246094,566.9793701171875
2024-10-10,242.82000732421875,488.69915771484375,565.9871215820312
2024-10-11,245.47000122070312,489.4630432128906,569.3763427734375
2024-10-14,245.07000732421875,493.5703430175781,574.0328979492188
2024-10-15,245.9199981689453,486.9729309082031,569.5728759765625
2024-10-16,247.14999389648438,487.0324401855469,572.0484619140625
2024-10-17,248.6300048828125,487.3697204589844,572.0975952148438
2024-10-18,251.27000427246094,490.5643310546875,574.298095703125
2024-10-21,251.22000122070312,491.5068054199219,573.3550415039062
2024-10-22,253.92999267578125,492.0425109863281,573.050537109375
2024-10-23,250.8699951171875,484.5025634765625,567.8143310546875
2024-10-24,252.8000030517578,488.4312744140625,569.0422973632812
2024-10-25,253.32000732421875,491.4076232910156,568.8458862304688
2024-10-28,253.3300018310547,491.4869384765625,570.6044311523438
2024-10-29,256.0899963378906,496.2093811035156,571.52783203125
2024-10-30,257.5,492.459228515625,569.798828125
2024-10-31,253.50999450683594,480.0281982421875,558.6289672851562
2024-11-01,252.47000122070312,483.5799255371094,560.9866943359375
2024-11-04,252.8300018310547,482.1711120605469,559.7783813476562
2024-11-05,253.39999389648438,488.3221435546875,566.5470581054688
2024-11-06,245.6999969482422,501.5865478515625,580.6345825195312
2024-11-07,249.64999389648438,509.483642578125,585.1240844726562
2024-11-08,247.9600067138672,510.07891845703125,587.65869140625
2024-11-11,242.13999938964844,509.7813415527344,588.2186279296875
2024-11-12,240.0500030517578,508.85858154296875,586.3914794921875
2024-11-13,237.6300048828125,508.203857421875,586.6763305664062
2024-11-14,237.00999450683594,504.6719970703125,582.9039916992188
2024-11-15,236.58999633789062,492.6477355957031,575.4376831054688
2024-11-18,241.08999633789062,496.0704345703125,577.7954711914062
2024-11-19,243.25,499.4832763671875,579.9075927734375
2024-11-20,244.6199951171875,499.1955871582031,580.1040649414062
2024-11-21,246.66000366210938,500.99127197265625,583.2182006835938
2024-11-22,249.83999633789062,501.7948913574219,585.0260009765625
2024-11-25,242.47999572753906,502.5885314941406,587.0103759765625
2024-11-26,242.9499969482422,505.28704833984375,590.0753784179688
2024-11-27,243.49000549316406,501.3087158203125,588.2874755859375
2024-11-29,245.58999633789062,505.7136535644531,591.9419555664062
2024-12-02,243.44000244140625,511.21978759765625,593.0029296875
2024-12-03,243.92999267578125,512.787353515625,593.2780151367188
2024-12-04,244.6699981689453,519.1268920898438,596.9619750976562
2024-12-05,242.86000061035156,517.6884155273438,595.9796142578125
2024-12-06,242.9499969482422,522.3214721679688,597.1094360351562
2024-12-09,245.36000061035156,518.2538452148438,594.0344848632812
2024-12-10,248.58999633789062,516.4879150390625,592.1875
2024-12-11,250.9600067138672,525.7342529296875,596.7655639648438
2024-12-12,247.27999877929688,522.34130859375,593.6906127929688
2024-12-13,244.2899932861328,526.3394775390625,593.57275390625
2024-12-16,244.8800048828125,533.9191284179688,596.1072998046875
2024-12-17,243.94000244140625,531.56787109375,593.6513061523438
2024-12-18,239.25999450683594,512.3905639648438,575.9584350585938
2024-12-19,239.60000610351562,510.108642578125,575.7815551757812
2024-12-20,242.10000610351562,514.563232421875,582.6973266601562
2024-12-23,240.9600067138672,519.5764770507812,586.1866455078125
2024-12-24,241.44000244140625,526.6217651367188,592.7020874023438
2024-12-26,243.07000732421875,526.2639770507812,592.7415161132812
2024-12-27,241.39999389648438,519.2684326171875,586.5020751953125
2024-12-30,240.6300048828125,512.3621215820312,579.8091430664062
